{
  "version": 1,
  "author": "Sophia Dias",
  "editor": "wokwi",
  "parts": [
    { "type": "wokwi-esp32-devkit-v1", "id": "esp", "top": 0, "left": 0, "attrs": {} },
    {
      "type": "wokwi-led",
      "id": "led1",
      "top": 159.53,
      "left": 293.32,
      "attrs": { "color": "white" }
    },
    {
      "type": "wokwi-led",
      "id": "led2",
      "top": 157.98,
      "left": 234.48,
      "attrs": { "color": "green" }
    },
    {
      "type": "wokwi-led",
      "id": "led3",
      "top": 156.87,
      "left": 188.19,
      "attrs": { "color": "red" }
    },
    {
      "type": "wokwi-led",
      "id": "led4",
      "top": 158.66,
      "left": 135.65,
      "attrs": { "color": "blue" }
    },
    {
      "type": "wokwi-resistor",
      "id": "r1",
      "top": 75.34,
      "left": 289.56,
      "attrs": { "value": "1000" }
    },
    {
      "type": "wokwi-resistor",
      "id": "r2",
      "top": 96.05,
      "left": 227.53,
      "attrs": { "value": "1000" }
    },
    {
      "type": "wokwi-resistor",
      "id": "r3",
      "top": 119.06,
      "left": 170.49,
      "attrs": { "value": "1000" }
    },
    {
      "type": "wokwi-resistor",
      "id": "r4",
      "top": 142.07,
      "left": 126.92,
      "attrs": { "value": "1000" }
    },
    {
      "type": "wokwi-buzzer",
      "id": "bz1",
      "top": -76.07830265803402,
      "left": -187.9567549309534,
      "attrs": { "volume": "0.1" }
    },
    {
      "type": "wokwi-photoresistor-sensor",
      "id": "ldr1",
      "top": -151.08,
      "left": 43.81,
      "attrs": {}
    },
    {
      "type": "wokwi-pushbutton",
      "id": "btn1",
      "top": -226.13,
      "left": -15.76,
      "attrs": { "color": "green" }
    },
    {
      "type": "wokwi-pushbutton",
      "id": "btn3",
      "top": -247.9,
      "left": 149.79,
      "attrs": { "color": "green" }
    }
  ],
  "connections": [
    [ "esp:TX0", "$serialMonitor:RX", "", [] ],
    [ "esp:RX0", "$serialMonitor:TX", "", [] ],
    [ "esp:GND.1", "led4:C", "black", [ "h9.91", "v53.45" ] ],
    [ "esp:GND.1", "led3:C", "black", [ "h10.49", "v74.29", "h-0.58" ] ],
    [ "esp:GND.1", "led2:C", "black", [ "h10.19", "v100", "h1.06" ] ],
    [ "esp:GND.1", "led1:C", "black", [ "h10.88", "v119.52", "h190.65" ] ],
    [ "led4:A", "r4:2", "green", [ "v1.12", "h25.07" ] ],
    [ "esp:D21", "r4:1", "green", [ "h0" ] ],
    [ "esp:D19", "r3:1", "green", [ "h0" ] ],
    [ "r3:2", "led3:A", "green", [ "v0" ] ],
    [ "esp:D18", "r2:1", "green", [ "h0" ] ],
    [ "r2:2", "led2:A", "green", [ "v0" ] ],
    [ "r1:2", "led1:A", "green", [ "v0" ] ],
    [ "r1:1", "esp:D15", "green", [ "v0" ] ],
    [ "esp:GND.2", "bz1:1", "black", [ "h0" ] ],
    [ "ldr1:GND", "esp:GND.1", "black", [ "h0" ] ],
    [ "esp:GND.2", "btn1:2.r", "black", [ "h0" ] ],
    [ "esp:GND.1", "btn3:2.l", "black", [ "h-15.76", "v-337.23" ] ],
    [ "ldr1:VCC", "esp:VIN", "red", [ "h0" ] ],
    [ "ldr1:AO", "esp:D27", "green", [ "h0" ] ],
    [ "esp:D25", "bz1:2", "green", [ "h0" ] ],
    [ "esp:D32", "btn1:1.l", "green", [ "h0" ] ],
    [ "esp:D33", "btn3:1.r", "green", [ "h0" ] ]
  ]
}